    TAZBFE,       Fe1, 3,       N2C, 1.989, 0.483,0,1.7194345035746008
    TAZBFE,       Fe1, 3,       N2B, 1.990, 0.481,0,1.7194345035746008
    TAZBFE,       Fe1, 3,       N1B, 1.935, 0.558,0,1.7194345035746008
    TAZBFE,       Fe1, 3,       N1C, 1.935, 0.558,0,1.7194345035746008
    TAZBFE,       Fe1, 3,        N1, 1.936, 0.557,0,1.7194345035746008
    TAZBFE,       Fe1, 3,        N2, 1.990, 0.481,0,1.7194345035746008
    VOFMAE,       Fe2, 3,       N7A, 1.965, 0.515,0,1.7194345035746008
    VOFMAE,       Fe2, 3,       N6A, 1.987, 0.485,0,1.7194345035746008
    VOFMAE,       Fe2, 3,        N7, 1.965, 0.515,0,1.7194345035746008
    VOFMAE,       Fe2, 3,        N5, 1.986, 0.487,0,1.7194345035746008
    VOFMAE,       Fe2, 3,        N6, 1.987, 0.485,0,1.7194345035746008
    VOFMAE,       Fe2, 3,       N5A, 1.986, 0.487,0,1.7194345035746008
    VOFMAE,       Fe1, 3,       N3A, 1.974, 0.503,0,1.7194345035746008
    VOFMAE,       Fe1, 3,       N2A, 2.002, 0.466,0,1.7194345035746008
    VOFMAE,       Fe1, 3,       N1A, 1.974, 0.503,0,1.7194345035746008
    VOFMAE,       Fe1, 3,        N1, 1.974, 0.503,0,1.7194345035746008
    VOFMAE,       Fe1, 3,        N2, 2.002, 0.466,0,1.7194345035746008
    VOFMAE,       Fe1, 3,        N3, 1.974, 0.503,0,1.7194345035746008
    LEWSOV,       Fe1, 3,       N3A, 2.005, 0.462,0,1.7194345035746008
    LEWSOV,       Fe1, 3,       N2A, 1.883, 0.643,0,1.7194345035746008
    LEWSOV,       Fe1, 3,       N1A, 1.913, 0.593,0,1.7194345035746008
    LEWSOV,       Fe1, 3,        N1, 1.913, 0.593,0,1.7194345035746008
    LEWSOV,       Fe1, 3,        N2, 1.883, 0.643,0,1.7194345035746008
    LEWSOV,       Fe1, 3,        N3, 2.005, 0.462,0,1.7194345035746008
    FEJJEK,       Fe1, 3,        N1, 1.882, 0.644,0,1.7194345035746008
    FEJJEK,       Fe1, 3,        N2, 1.955, 0.529,0,1.7194345035746008
    FEJJEK,       Fe1, 3,        N3, 1.972, 0.505,0,1.7194345035746008
    FEJJEK,       Fe1, 3,        N4, 1.952, 0.533,0,1.7194345035746008
    FEJJEK,       Fe1, 3,        N5, 1.961, 0.521,0,1.7194345035746008
    FEJJEK,       Fe1, 3,        N6, 1.989, 0.483,0,1.7194345035746008
  NICKUG01,       Fe1, 3,        N1, 1.989, 0.483,0,1.7194345035746008
  NICKUG01,       Fe1, 3,        N2, 1.995, 0.475,0,1.7194345035746008
  NICKUG01,       Fe1, 3,        N3, 2.003, 0.465,0,1.7194345035746008
  NICKUG01,       Fe1, 3,        N4, 2.020, 0.444,0,1.7194345035746008
  NICKUG01,       Fe1, 3,        N5, 1.748, 0.926,0,1.7194345035746008
  NICKUG01,       Fe1, 3,        N6, 2.131, 0.329,0,1.7194345035746008
    VORTUR,       Fe2, 3,        N8, 1.960, 0.522,0,1.7194345035746008
    VORTUR,       Fe2, 3,        N9, 1.946, 0.542,0,1.7194345035746008
    VORTUR,       Fe2, 3,       N8A, 1.960, 0.522,0,1.7194345035746008
    VORTUR,       Fe2, 3,       N7A, 1.949, 0.538,0,1.7194345035746008
    VORTUR,       Fe2, 3,       N9A, 1.946, 0.542,0,1.7194345035746008
    VORTUR,       Fe2, 3,        N7, 1.949, 0.538,0,1.7194345035746008
    GIXBAQ,       Fe1, 3,       N2B, 1.935, 0.558,0,1.7194345035746008
    GIXBAQ,       Fe1, 3,       N1B, 1.919, 0.583,0,1.7194345035746008
    GIXBAQ,       Fe1, 3,        N1, 1.919, 0.583,0,1.7194345035746008
    GIXBAQ,       Fe1, 3,        N2, 1.935, 0.558,0,1.7194345035746008
    GIXBAQ,       Fe1, 3,       N4B, 1.935, 0.558,0,1.7194345035746008
    GIXBAQ,       Fe1, 3,        N4, 1.935, 0.558,0,1.7194345035746008
    UKEZEQ,       Fe1, 3,        N1, 1.685, 1.098,0,1.7194345035746008
    UKEZEQ,       Fe1, 3,        N2, 1.688, 1.089,0,1.7194345035746008
    UKEZEQ,       Fe1, 3,        N3, 1.992, 0.479,0,1.7194345035746008
    UKEZEQ,       Fe1, 3,        N4, 1.994, 0.476,0,1.7194345035746008
    LIWNAH,       Fe1, 3,        N1, 2.032, 0.430,0,1.7194345035746008
    LIWNAH,       Fe1, 3,        N2, 1.902, 0.611,0,1.7194345035746008
    LIWNAH,       Fe1, 3,        N3, 1.987, 0.485,0,1.7194345035746008
    LIWNAH,       Fe1, 3,        N4, 1.993, 0.477,0,1.7194345035746008
    LIWNAH,       Fe1, 3,        N5, 1.982, 0.492,0,1.7194345035746008
    LIWNAH,       Fe1, 3,        N6, 1.682, 1.106,0,1.7194345035746008
    MAPMIZ,       Fe1, 3,        N8, 1.876, 0.655,0,1.7194345035746008
    MAPMIZ,       Fe1, 3,        N9, 1.971, 0.507,0,1.7194345035746008
    MAPMIZ,       Fe1, 3,        N2, 1.946, 0.542,0,1.7194345035746008
    MAPMIZ,       Fe1, 3,        N3, 1.876, 0.655,0,1.7194345035746008
    MAPMIZ,       Fe1, 3,        N4, 1.967, 0.512,0,1.7194345035746008
    MAPMIZ,       Fe1, 3,        N7, 1.964, 0.516,0,1.7194345035746008
    PUCXIV,       Fe1, 3,        N1, 1.976, 0.500,0,1.7194345035746008
    PUCXIV,       Fe1, 3,        N2, 1.923, 0.577,0,1.7194345035746008
    PUCXIV,       Fe1, 3,        N3, 1.983, 0.490,0,1.7194345035746008
    PUCXIV,       Fe1, 3,        N4, 1.971, 0.507,0,1.7194345035746008
    PUCXIV,       Fe1, 3,        N5, 1.890, 0.631,0,1.7194345035746008
    PUCXIV,       Fe1, 3,        N6, 1.974, 0.503,0,1.7194345035746008
    FEXXOW,       Fe4, 3,       N19, 2.037, 0.424,0,1.7194345035746008
    FEXXOW,       Fe4, 3,      N21B, 2.069, 0.389,0,1.7194345035746008
    FEXXOW,       Fe4, 3,      N20B, 2.068, 0.390,0,1.7194345035746008
    FEXXOW,       Fe4, 3,       N21, 2.069, 0.389,0,1.7194345035746008
    FEXXOW,       Fe4, 3,       N20, 2.068, 0.390,0,1.7194345035746008
    FEXXOW,       Fe4, 3,      N19B, 2.037, 0.424,0,1.7194345035746008
    GABSEJ,       Fe2, 3,        N8, 2.032, 0.430,0,1.7194345035746008
    GABSEJ,       Fe2, 3,        N9, 2.039, 0.422,0,1.7194345035746008
    GABSEJ,       Fe2, 3,       N10, 1.713, 1.018,0,1.7194345035746008
    GABSEJ,       Fe2, 3,        N6, 1.901, 0.612,0,1.7194345035746008
    GABSEJ,       Fe2, 3,        N7, 1.858, 0.688,0,1.7194345035746008
    YIWGAM,       Fe1, 3,        N1, 2.045, 0.415,0,1.7194345035746008
    YIWGAM,       Fe1, 3,        N2, 2.043, 0.417,0,1.7194345035746008
    YIWGAM,       Fe1, 3,        N3, 2.037, 0.424,0,1.7194345035746008
    YIWGAM,       Fe1, 3,        N4, 2.035, 0.426,0,1.7194345035746008
    YIWGAM,       Fe1, 3,        N5, 1.998, 0.471,0,1.7194345035746008
    GABSEJ,       Fe1, 3,        N1, 1.885, 0.639,0,1.7194345035746008
    GABSEJ,       Fe1, 3,        N2, 1.909, 0.599,0,1.7194345035746008
    GABSEJ,       Fe1, 3,        N3, 2.049, 0.410,0,1.7194345035746008
    GABSEJ,       Fe1, 3,        N4, 2.035, 0.426,0,1.7194345035746008
    GABSEJ,       Fe1, 3,        N5, 1.714, 1.015,0,1.7194345035746008
    TUFZIE,       Fe1, 3,       N2F, 1.953, 0.532,0,1.7194345035746008
    TUFZIE,       Fe1, 3,       N6F, 1.960, 0.522,0,1.7194345035746008
    TUFZIE,       Fe1, 3,        N2, 1.953, 0.532,0,1.7194345035746008
    TUFZIE,       Fe1, 3,        N4, 1.962, 0.519,0,1.7194345035746008
    TUFZIE,       Fe1, 3,        N6, 1.960, 0.522,0,1.7194345035746008
    TUFZIE,       Fe1, 3,       N4F, 1.962, 0.519,0,1.7194345035746008
    BAKSOV,       Fe1, 3,        N8, 1.978, 0.497,0,1.7194345035746008
    BAKSOV,       Fe1, 3,        N9, 1.945, 0.544,0,1.7194345035746008
    BAKSOV,       Fe1, 3,        N2, 1.987, 0.485,0,1.7194345035746008
    BAKSOV,       Fe1, 3,        N3, 1.941, 0.549,0,1.7194345035746008
    BAKSOV,       Fe1, 3,        N5, 1.979, 0.496,0,1.7194345035746008
    BAKSOV,       Fe1, 3,        N6, 1.936, 0.557,0,1.7194345035746008
    KASSOO,       Fe2, 3,        N8, 1.998, 0.471,0,1.7194345035746008
    KASSOO,       Fe2, 3,        N3, 1.688, 1.089,0,1.7194345035746008
    KASSOO,       Fe2, 3,        N4, 1.678, 1.118,0,1.7194345035746008
    KASSOO,       Fe2, 3,        N6, 2.017, 0.447,0,1.7194345035746008
    OBOTUU,       Fe1, 3,        N1, 2.161, 0.303,0,1.7194345035746008
    OBOTUU,       Fe1, 3,        N2, 1.699, 1.057,0,1.7194345035746008
    OBOTUU,       Fe1, 3,        N3, 1.690, 1.083,0,1.7194345035746008
    OBOTUU,       Fe1, 3,        N4, 2.251, 0.238,0,1.7194345035746008
    OBOTUU,       Fe1, 3,        N5, 2.206, 0.268,0,1.7194345035746008
    MODXOS,       Fe1, 3,       N2B, 2.008, 0.458,0,1.7194345035746008
    MODXOS,       Fe1, 3,       N2A, 2.008, 0.458,0,1.7194345035746008
    MODXOS,       Fe1, 3,       N1B, 2.008, 0.458,0,1.7194345035746008
    MODXOS,       Fe1, 3,       N1A, 2.009, 0.457,0,1.7194345035746008
    MODXOS,       Fe1, 3,        N1, 2.009, 0.457,0,1.7194345035746008
    MODXOS,       Fe1, 3,        N2, 2.009, 0.457,0,1.7194345035746008
    RIPDUQ,       Fe1, 3,        N1, 1.964, 0.516,0,1.7194345035746008
    RIPDUQ,       Fe1, 3,        N2, 1.989, 0.483,0,1.7194345035746008
    RIPDUQ,       Fe1, 3,        N3, 1.961, 0.521,0,1.7194345035746008
    RIPDUQ,       Fe1, 3,        N4, 1.970, 0.508,0,1.7194345035746008
    RIPDUQ,       Fe1, 3,        N5, 1.971, 0.507,0,1.7194345035746008
    RIPDUQ,       Fe1, 3,        N7, 1.987, 0.485,0,1.7194345035746008
    FUFZAI,       Fe1, 3,        N1, 1.900, 0.614,0,1.7194345035746008
    FUFZAI,       Fe1, 3,        N2, 1.977, 0.499,0,1.7194345035746008
    FUFZAI,       Fe1, 3,        N3, 1.974, 0.503,0,1.7194345035746008
    FUFZAI,       Fe1, 3,        N4, 1.977, 0.499,0,1.7194345035746008
    FUFZAI,       Fe1, 3,        N5, 1.922, 0.578,0,1.7194345035746008
    FUFZAI,       Fe1, 3,        N6, 1.976, 0.500,0,1.7194345035746008
    AQAKAE,       Fe1, 3,        N1, 1.982, 0.492,0,1.7194345035746008
    AQAKAE,       Fe1, 3,        N2, 1.965, 0.515,0,1.7194345035746008
    AQAKAE,       Fe1, 3,        N3, 1.972, 0.505,0,1.7194345035746008
    AQAKAE,       Fe1, 3,        N4, 1.961, 0.521,0,1.7194345035746008
    AQAKAE,       Fe1, 3,        N5, 1.977, 0.499,0,1.7194345035746008
    AQAKAE,       Fe1, 3,        N7, 1.978, 0.497,0,1.7194345035746008
    IQIREG,       Fe1, 3,        N1, 1.922, 0.578,0,1.7194345035746008
    IQIREG,       Fe1, 3,        N2, 1.967, 0.512,0,1.7194345035746008
    IQIREG,       Fe1, 3,        N3, 1.899, 0.616,0,1.7194345035746008
    IQIREG,       Fe1, 3,        N4, 1.945, 0.544,0,1.7194345035746008
    IQIREG,       Fe1, 3,        N5, 1.928, 0.569,0,1.7194345035746008
    IQIREG,       Fe1, 3,        N6, 1.816, 0.770,0,1.7194345035746008
    IQIREG,       Fe2, 3,       N12, 1.890, 0.631,0,1.7194345035746008
    IQIREG,       Fe2, 3,       N10, 1.980, 0.494,0,1.7194345035746008
    IQIREG,       Fe2, 3,       N11, 1.943, 0.546,0,1.7194345035746008
    IQIREG,       Fe2, 3,        N8, 1.899, 0.616,0,1.7194345035746008
    IQIREG,       Fe2, 3,        N9, 1.930, 0.566,0,1.7194345035746008
    IQIREG,       Fe2, 3,        N7, 1.936, 0.557,0,1.7194345035746008
    NUKKUA,       Fe1, 3,        N1, 1.962, 0.519,0,1.7194345035746008
    NUKKUA,       Fe1, 3,        N2, 1.959, 0.523,0,1.7194345035746008
    NUKKUA,       Fe1, 3,        N3, 1.982, 0.492,0,1.7194345035746008
    NUKKUA,       Fe1, 3,        N4, 1.975, 0.501,0,1.7194345035746008
    NUKKUA,       Fe1, 3,        N5, 2.066, 0.392,0,1.7194345035746008
    XAKREG,       Fe1, 3,       N3A, 1.975, 0.501,0,1.7194345035746008
    XAKREG,       Fe1, 3,       N2A, 2.007, 0.460,0,1.7194345035746008
    XAKREG,       Fe1, 3,       N1A, 1.993, 0.477,0,1.7194345035746008
    XAKREG,       Fe1, 3,        N1, 1.993, 0.477,0,1.7194345035746008
    XAKREG,       Fe1, 3,        N2, 2.007, 0.460,0,1.7194345035746008
    XAKREG,       Fe1, 3,        N3, 1.975, 0.501,0,1.7194345035746008
    XAKREG,       Fe2, 3,       N7A, 1.987, 0.485,0,1.7194345035746008
    XAKREG,       Fe2, 3,       N6A, 1.988, 0.484,0,1.7194345035746008
    XAKREG,       Fe2, 3,        N7, 1.987, 0.485,0,1.7194345035746008
    XAKREG,       Fe2, 3,        N5, 2.003, 0.465,0,1.7194345035746008
    XAKREG,       Fe2, 3,        N6, 1.988, 0.484,0,1.7194345035746008
    XAKREG,       Fe2, 3,       N5A, 2.003, 0.465,0,1.7194345035746008
    LOCWUV,       Fe1, 3,        N1, 2.032, 0.430,0,1.7194345035746008
    LOCWUV,       Fe1, 3,        N2, 2.020, 0.444,0,1.7194345035746008
    LOCWUV,       Fe1, 3,        N3, 2.027, 0.436,0,1.7194345035746008
    LOCWUV,       Fe1, 3,        N4, 2.183, 0.286,0,1.7194345035746008
    LOCWUV,       Fe1, 3,        N5, 1.737, 0.954,0,1.7194345035746008
    GATWII,       Fe1, 3,       N11, 1.945, 0.544,0,1.7194345035746008
    GATWII,       Fe1, 3,        N9, 1.947, 0.541,0,1.7194345035746008
    GATWII,       Fe1, 3,        N1, 1.949, 0.538,0,1.7194345035746008
    GATWII,       Fe1, 3,        N3, 1.945, 0.544,0,1.7194345035746008
    GATWII,       Fe1, 3,        N5, 1.947, 0.541,0,1.7194345035746008
    GATWII,       Fe1, 3,        N7, 1.943, 0.546,0,1.7194345035746008
    VORTUR,       Fe1, 3,       N3A, 1.952, 0.533,0,1.7194345035746008
    VORTUR,       Fe1, 3,       N2A, 1.959, 0.523,0,1.7194345035746008
    VORTUR,       Fe1, 3,       N1A, 1.958, 0.525,0,1.7194345035746008
    VORTUR,       Fe1, 3,        N1, 1.958, 0.525,0,1.7194345035746008
    VORTUR,       Fe1, 3,        N2, 1.959, 0.523,0,1.7194345035746008
    VORTUR,       Fe1, 3,        N3, 1.952, 0.533,0,1.7194345035746008
    WEFFUJ,       Fe1, 3,        N1, 2.099, 0.358,0,1.7194345035746008
    WEFFUJ,       Fe1, 3,        N2, 2.107, 0.351,0,1.7194345035746008
    WEFFUJ,       Fe1, 3,        N3, 2.146, 0.316,0,1.7194345035746008
    WEFFUJ,       Fe1, 3,        N4, 2.090, 0.367,0,1.7194345035746008
    WEFFUJ,       Fe1, 3,        N5, 2.113, 0.345,0,1.7194345035746008
    WEFFUJ,       Fe1, 3,        N6, 2.093, 0.364,0,1.7194345035746008
    TAGYIL,       Fe1, 3,        N8, 1.995, 0.475,0,1.7194345035746008
    TAGYIL,       Fe1, 3,        N1, 1.880, 0.648,0,1.7194345035746008
    TAGYIL,       Fe1, 3,        N2, 1.883, 0.643,0,1.7194345035746008
    TAGYIL,       Fe1, 3,        N3, 1.953, 0.532,0,1.7194345035746008
    TAGYIL,       Fe1, 3,        N4, 1.961, 0.521,0,1.7194345035746008
    TAGYIL,       Fe1, 3,        N5, 1.975, 0.501,0,1.7194345035746008
    TAGYIL,       Fe2, 3,       N12, 1.889, 0.632,0,1.7194345035746008
    TAGYIL,       Fe2, 3,       N14, 2.033, 0.428,0,1.7194345035746008
    TAGYIL,       Fe2, 3,       N19, 1.956, 0.528,0,1.7194345035746008
    TAGYIL,       Fe2, 3,        N9, 1.957, 0.526,0,1.7194345035746008
    TAGYIL,       Fe2, 3,       N20, 1.983, 0.490,0,1.7194345035746008
    TAGYIL,       Fe2, 3,        N7, 1.893, 0.626,0,1.7194345035746008
    EVOKOP,       Fe1, 3,       N3O, 1.954, 0.530,0,1.7194345035746008
    EVOKOP,       Fe1, 3,       N1O, 1.952, 0.533,0,1.7194345035746008
    EVOKOP,       Fe1, 3,       N5O, 1.941, 0.549,0,1.7194345035746008
    EVOKOP,       Fe1, 3,        N1, 1.954, 0.530,0,1.7194345035746008
    EVOKOP,       Fe1, 3,        N3, 1.952, 0.533,0,1.7194345035746008
    EVOKOP,       Fe1, 3,        N5, 1.940, 0.551,0,1.7194345035746008
    EVOKOP,       Fe2, 3,       N7A, 2.063, 0.395,0,1.7194345035746008
    EVOKOP,       Fe2, 3,       N7B, 2.063, 0.395,0,1.7194345035746008
    EVOKOP,       Fe2, 3,        N7, 2.063, 0.395,0,1.7194345035746008
    EVOKOP,       Fe2, 3,       N7I, 2.063, 0.395,0,1.7194345035746008
    EVOKOP,       Fe2, 3,       N7J, 2.063, 0.395,0,1.7194345035746008
    EVOKOP,       Fe2, 3,       N7K, 2.063, 0.395,0,1.7194345035746008
    CIWVAF,       Fe1, 3,        N1, 1.950, 0.536,0,1.7194345035746008
    CIWVAF,       Fe1, 3,        N2, 1.981, 0.493,0,1.7194345035746008
    CIWVAF,       Fe1, 3,        N3, 1.933, 0.561,0,1.7194345035746008
    CIWVAF,       Fe1, 3,        N4, 1.973, 0.504,0,1.7194345035746008
    CIWVAF,       Fe1, 3,        N5, 1.670, 1.143,0,1.7194345035746008
    SEKLOK,       Fe1, 3,       N2D, 1.951, 0.535,0,1.7194345035746008
    SEKLOK,       Fe1, 3,       N6D, 1.956, 0.528,0,1.7194345035746008
    SEKLOK,       Fe1, 3,        N2, 1.951, 0.535,0,1.7194345035746008
    SEKLOK,       Fe1, 3,        N4, 1.958, 0.525,0,1.7194345035746008
    SEKLOK,       Fe1, 3,       N4D, 1.958, 0.525,0,1.7194345035746008
    SEKLOK,       Fe1, 3,        N6, 1.956, 0.528,0,1.7194345035746008
    LONBOF,       Fe2, 3,       N12, 2.102, 0.356,0,1.7194345035746008
    LONBOF,       Fe2, 3,       N15, 2.039, 0.422,0,1.7194345035746008
    LONBOF,       Fe2, 3,       N18, 2.172, 0.294,0,1.7194345035746008
    LONBOF,       Fe2, 3,       N19, 2.051, 0.408,0,1.7194345035746008
    LONBOF,       Fe2, 3,       N21, 2.170, 0.296,0,1.7194345035746008
    LONBOF,       Fe2, 3,       N20, 2.055, 0.404,0,1.7194345035746008
    OSUMEV,       Fe1, 3,        N8, 1.968, 0.511,0,1.7194345035746008
    OSUMEV,       Fe1, 3,        N9, 1.971, 0.507,0,1.7194345035746008
    OSUMEV,       Fe1, 3,        N2, 1.937, 0.555,0,1.7194345035746008
    OSUMEV,       Fe1, 3,        N3, 1.969, 0.509,0,1.7194345035746008
    OSUMEV,       Fe1, 3,        N4, 1.957, 0.526,0,1.7194345035746008
    OSUMEV,       Fe1, 3,        N7, 1.914, 0.591,0,1.7194345035746008
    AROLID,       Fe1, 3,        N1, 1.916, 0.588,0,1.7194345035746008
    AROLID,       Fe1, 3,        N2, 1.910, 0.597,0,1.7194345035746008
    AROLID,       Fe1, 3,        N3, 1.927, 0.571,0,1.7194345035746008
    AROLID,       Fe1, 3,        N4, 1.905, 0.606,0,1.7194345035746008
    AROLID,       Fe1, 3,        N6, 2.064, 0.394,0,1.7194345035746008
    AROLID,       Fe1, 3,        N7, 2.075, 0.383,0,1.7194345035746008
    QADFEH,       Fe1, 3,       N2F, 1.960, 0.522,0,1.7194345035746008
    QADFEH,       Fe1, 3,       N3F, 1.964, 0.516,0,1.7194345035746008
    QADFEH,       Fe1, 3,       N1F, 1.978, 0.497,0,1.7194345035746008
    QADFEH,       Fe1, 3,        N1, 1.978, 0.497,0,1.7194345035746008
    QADFEH,       Fe1, 3,        N2, 1.960, 0.522,0,1.7194345035746008
    QADFEH,       Fe1, 3,        N3, 1.964, 0.516,0,1.7194345035746008
    NEQRAC,       Fe1, 3,       N10, 1.973, 0.504,0,1.7194345035746008
    NEQRAC,       Fe1, 3,        N1, 2.233, 0.250,0,1.7194345035746008
    NEQRAC,       Fe1, 3,        N2, 2.266, 0.228,0,1.7194345035746008
    NEQRAC,       Fe1, 3,        N3, 2.225, 0.255,0,1.7194345035746008
    NEQRAC,       Fe1, 3,        N4, 1.979, 0.496,0,1.7194345035746008
    NEQRAC,       Fe1, 3,        N7, 2.050, 0.409,0,1.7194345035746008
    WOHTUI,       Fe2, 3,        N8, 1.925, 0.574,0,1.7194345035746008
    WOHTUI,       Fe2, 3,       N8A, 1.925, 0.574,0,1.7194345035746008
    WOHTUI,       Fe2, 3,       N7A, 1.939, 0.552,0,1.7194345035746008
    WOHTUI,       Fe2, 3,       N6A, 1.944, 0.545,0,1.7194345035746008
    WOHTUI,       Fe2, 3,        N6, 1.944, 0.545,0,1.7194345035746008
    WOHTUI,       Fe2, 3,        N7, 1.939, 0.552,0,1.7194345035746008
    WOHTUI,       Fe1, 3,       N3A, 1.902, 0.611,0,1.7194345035746008
    WOHTUI,       Fe1, 3,       N2A, 1.942, 0.548,0,1.7194345035746008
    WOHTUI,       Fe1, 3,       N1A, 1.954, 0.530,0,1.7194345035746008
    WOHTUI,       Fe1, 3,        N1, 1.954, 0.530,0,1.7194345035746008
    WOHTUI,       Fe1, 3,        N2, 1.942, 0.548,0,1.7194345035746008
    WOHTUI,       Fe1, 3,        N3, 1.902, 0.611,0,1.7194345035746008
    ALOGUD,       Fe1, 3,        N1, 1.991, 0.480,0,1.7194345035746008
    ALOGUD,       Fe1, 3,        N2, 1.929, 0.568,0,1.7194345035746008
    ALOGUD,       Fe1, 3,        N3, 1.962, 0.519,0,1.7194345035746008
    ALOGUD,       Fe1, 3,        N4, 1.977, 0.499,0,1.7194345035746008
    ALOGUD,       Fe1, 3,        N5, 1.969, 0.509,0,1.7194345035746008
    ALOGUD,       Fe1, 3,        N6, 1.930, 0.566,0,1.7194345035746008
    ELUJUQ,       Fe1, 3,       N12, 2.246, 0.241,0,1.7194345035746008
    ELUJUQ,       Fe1, 3,       N11, 2.039, 0.422,0,1.7194345035746008
    ELUJUQ,       Fe1, 3,        N8, 1.976, 0.500,0,1.7194345035746008
    ELUJUQ,       Fe1, 3,        N9, 2.214, 0.263,0,1.7194345035746008
    ELUJUQ,       Fe1, 3,        N3, 1.977, 0.499,0,1.7194345035746008
    ELUJUQ,       Fe1, 3,        N5, 2.205, 0.269,0,1.7194345035746008
    IBEWAP,       Fe1, 3,       N10, 1.971, 0.507,0,1.7194345035746008
    IBEWAP,       Fe1, 3,        N8, 1.922, 0.578,0,1.7194345035746008
    IBEWAP,       Fe1, 3,        N1, 1.991, 0.480,0,1.7194345035746008
    IBEWAP,       Fe1, 3,        N3, 1.928, 0.569,0,1.7194345035746008
    IBEWAP,       Fe1, 3,        N5, 1.985, 0.488,0,1.7194345035746008
    IBEWAP,       Fe1, 3,        N6, 1.983, 0.490,0,1.7194345035746008
    JUNPOX,       Fe1, 3,        N1, 1.997, 0.472,0,1.7194345035746008
    JUNPOX,       Fe1, 3,        N2, 1.889, 0.632,0,1.7194345035746008
    JUNPOX,       Fe1, 3,        N3, 1.884, 0.641,0,1.7194345035746008
    JUNPOX,       Fe1, 3,        N4, 2.002, 0.466,0,1.7194345035746008
    JUNPOX,       Fe1, 3,        N5, 1.975, 0.501,0,1.7194345035746008
    JUNPOX,       Fe1, 3,        N7, 1.976, 0.500,0,1.7194345035746008
    SICCEM,       Fe1, 3,       N1B, 2.014, 0.451,0,1.7194345035746008
    SICCEM,       Fe1, 3,       N10, 2.163, 0.302,0,1.7194345035746008
    SICCEM,       Fe1, 3,      N10B, 2.163, 0.302,0,1.7194345035746008
    SICCEM,       Fe1, 3,        N8, 2.224, 0.256,0,1.7194345035746008
    SICCEM,       Fe1, 3,        N1, 2.014, 0.451,0,1.7194345035746008
    SICCEM,       Fe1, 3,        N4, 2.032, 0.430,0,1.7194345035746008
    LOCWOP,       Fe1, 3,        N1, 2.027, 0.436,0,1.7194345035746008
    LOCWOP,       Fe1, 3,        N2, 2.189, 0.281,0,1.7194345035746008
    LOCWOP,       Fe1, 3,        N3, 1.735, 0.959,0,1.7194345035746008
    LOCWOP,       Fe1, 3,        N4, 2.028, 0.434,0,1.7194345035746008
    LOCWOP,       Fe1, 3,        N5, 2.025, 0.438,0,1.7194345035746008
    VAHHAP,       Fe1, 3,        N1, 2.101, 0.357,0,1.7194345035746008
    VAHHAP,       Fe1, 3,        N2, 2.001, 0.467,0,1.7194345035746008
    VAHHAP,       Fe1, 3,        N3, 1.988, 0.484,0,1.7194345035746008
    VAHHAP,       Fe1, 3,        N4, 2.077, 0.380,0,1.7194345035746008
    VAHHAP,       Fe1, 3,        N5, 1.989, 0.483,0,1.7194345035746008
    VAHHAP,       Fe1, 3,        N6, 1.732, 0.967,0,1.7194345035746008
    UDENUN,       Fe1, 3,       N11, 1.954, 0.530,0,1.7194345035746008
    UDENUN,       Fe1, 3,        N9, 1.959, 0.523,0,1.7194345035746008
    UDENUN,       Fe1, 3,        N1, 1.959, 0.523,0,1.7194345035746008
    UDENUN,       Fe1, 3,        N3, 1.954, 0.530,0,1.7194345035746008
    UDENUN,       Fe1, 3,        N5, 1.958, 0.525,0,1.7194345035746008
    UDENUN,       Fe1, 3,        N6, 1.962, 0.519,0,1.7194345035746008
    IFOQEA,       Fe1, 3,       N2B, 1.952, 0.533,0,1.7194345035746008
    IFOQEA,       Fe1, 3,       N6B, 1.949, 0.538,0,1.7194345035746008
    IFOQEA,       Fe1, 3,        N2, 1.952, 0.533,0,1.7194345035746008
    IFOQEA,       Fe1, 3,       N4B, 1.946, 0.542,0,1.7194345035746008
    IFOQEA,       Fe1, 3,        N4, 1.946, 0.542,0,1.7194345035746008
    IFOQEA,       Fe1, 3,        N6, 1.949, 0.538,0,1.7194345035746008
    JESPON,       Fe1, 3,        N1, 1.972, 0.505,0,1.7194345035746008
    JESPON,       Fe1, 3,        N2, 1.914, 0.591,0,1.7194345035746008
    JESPON,       Fe1, 3,        N3, 1.963, 0.518,0,1.7194345035746008
    JESPON,       Fe1, 3,        N4, 1.980, 0.494,0,1.7194345035746008
    JESPON,       Fe1, 3,        N5, 1.926, 0.572,0,1.7194345035746008
    JESPON,       Fe1, 3,        N6, 1.962, 0.519,0,1.7194345035746008
    AKAGEY,       Fe1, 3,       N3A, 2.145, 0.317,0,1.7194345035746008
    AKAGEY,       Fe1, 3,       N2A, 2.036, 0.425,0,1.7194345035746008
    AKAGEY,       Fe1, 3,       N1A, 2.027, 0.436,0,1.7194345035746008
    AKAGEY,       Fe1, 3,        N1, 2.027, 0.436,0,1.7194345035746008
    AKAGEY,       Fe1, 3,        N2, 2.036, 0.425,0,1.7194345035746008
    AKAGEY,       Fe1, 3,        N3, 2.145, 0.317,0,1.7194345035746008
    VIPTUJ,       Fe1, 3,       N2C, 1.882, 0.644,0,1.7194345035746008
    VIPTUJ,       Fe1, 3,        N1, 1.888, 0.634,0,1.7194345035746008
    VIPTUJ,       Fe1, 3,        N2, 1.882, 0.644,0,1.7194345035746008
    VIPTUJ,       Fe1, 3,       N1C, 1.888, 0.634,0,1.7194345035746008
    NUKKOU,       Fe1, 3,        N2, 2.079, 0.378,0,1.7194345035746008
    NUKKOU,       Fe1, 3,        N3, 1.969, 0.509,0,1.7194345035746008
    NUKKOU,       Fe1, 3,        N4, 1.952, 0.533,0,1.7194345035746008
    NUKKOU,       Fe1, 3,        N5, 1.956, 0.528,0,1.7194345035746008
    NUKKOU,       Fe1, 3,        N6, 1.985, 0.488,0,1.7194345035746008
    VEGFIX,       Fe1, 3,        N1, 1.702, 1.048,0,1.7194345035746008
    VEGFIX,       Fe1, 3,        N2, 1.890, 0.631,0,1.7194345035746008
    VEGFIX,       Fe1, 3,        N3, 1.922, 0.578,0,1.7194345035746008
    VEGFIX,       Fe1, 3,        N4, 1.900, 0.614,0,1.7194345035746008
    VEGFIX,       Fe1, 3,        N5, 1.878, 0.651,0,1.7194345035746008
    ZAWJEM,       Fe1, 3,        N1, 1.963, 0.518,0,1.7194345035746008
    ZAWJEM,       Fe1, 3,        N2, 2.060, 0.398,0,1.7194345035746008
    ZAWJEM,       Fe1, 3,        N3, 2.055, 0.404,0,1.7194345035746008
    ZAWJEM,       Fe1, 3,        N4, 2.059, 0.399,0,1.7194345035746008
    ZAWJEM,       Fe1, 3,        N5, 2.063, 0.395,0,1.7194345035746008
    NICKUG,       Fe1, 3,        N1, 2.002, 0.466,0,1.7194345035746008
    NICKUG,       Fe1, 3,        N2, 2.006, 0.461,0,1.7194345035746008
    NICKUG,       Fe1, 3,        N3, 2.020, 0.444,0,1.7194345035746008
    NICKUG,       Fe1, 3,        N4, 2.015, 0.450,0,1.7194345035746008
    NICKUG,       Fe1, 3,        N5, 1.752, 0.916,0,1.7194345035746008
    NICKUG,       Fe1, 3,        N6, 2.169, 0.297,0,1.7194345035746008
    CESBIL,       Fe1, 3,       N3E, 2.004, 0.463,0,1.7194345035746008
    CESBIL,       Fe1, 3,       N2E, 1.885, 0.639,0,1.7194345035746008
    CESBIL,       Fe1, 3,       N1E, 1.920, 0.582,0,1.7194345035746008
    CESBIL,       Fe1, 3,        N1, 1.920, 0.582,0,1.7194345035746008
    CESBIL,       Fe1, 3,        N2, 1.885, 0.639,0,1.7194345035746008
    CESBIL,       Fe1, 3,        N3, 2.004, 0.463,0,1.7194345035746008
    CILLAK,       Fe1, 3,        N1, 1.994, 0.476,0,1.7194345035746008
    CILLAK,       Fe1, 3,        N2, 1.995, 0.475,0,1.7194345035746008
    CILLAK,       Fe1, 3,        N3, 1.992, 0.479,0,1.7194345035746008
    CILLAK,       Fe1, 3,        N4, 1.995, 0.475,0,1.7194345035746008
    CILLAK,       Fe1, 3,        N5, 1.644, 1.226,0,1.7194345035746008
    LAYXIS,       Fe1, 3,       N10, 2.006, 0.461,0,1.7194345035746008
    LAYXIS,       Fe1, 3,        N8, 2.007, 0.460,0,1.7194345035746008
    LAYXIS,       Fe1, 3,        N9, 2.006, 0.461,0,1.7194345035746008
    LAYXIS,       Fe1, 3,        N1, 1.955, 0.529,0,1.7194345035746008
    LAYXIS,       Fe1, 3,        N4, 1.927, 0.571,0,1.7194345035746008
    LAYXIS,       Fe1, 3,        N7, 2.006, 0.461,0,1.7194345035746008
    PEHBEK,       Fe1, 3,       N11, 1.943, 0.546,0,1.7194345035746008
    PEHBEK,       Fe1, 3,       N17, 1.946, 0.542,0,1.7194345035746008
    PEHBEK,       Fe1, 3,       N14, 1.954, 0.530,0,1.7194345035746008
    PEHBEK,       Fe1, 3,        N8, 1.944, 0.545,0,1.7194345035746008
    PEHBEK,       Fe1, 3,        N2, 1.945, 0.544,0,1.7194345035746008
    PEHBEK,       Fe1, 3,        N5, 1.955, 0.529,0,1.7194345035746008
    GAWQIG,       Fe2, 3,       N13, 1.932, 0.563,0,1.7194345035746008
    GAWQIG,       Fe2, 3,       N10, 1.983, 0.490,0,1.7194345035746008
    GAWQIG,       Fe2, 3,       N16, 1.981, 0.493,0,1.7194345035746008
    GAWQIG,       Fe2, 3,       N15, 1.903, 0.609,0,1.7194345035746008
    GAWQIG,       Fe2, 3,        N9, 1.910, 0.597,0,1.7194345035746008
    GAWQIG,       Fe2, 3,        N7, 1.928, 0.569,0,1.7194345035746008
    GAWQIG,       Fe1, 3,       N19, 1.934, 0.560,0,1.7194345035746008
    GAWQIG,       Fe1, 3,        N1, 1.915, 0.589,0,1.7194345035746008
    GAWQIG,       Fe1, 3,       N22, 1.993, 0.477,0,1.7194345035746008
    GAWQIG,       Fe1, 3,       N21, 1.917, 0.586,0,1.7194345035746008
    GAWQIG,       Fe1, 3,        N3, 1.918, 0.585,0,1.7194345035746008
    GAWQIG,       Fe1, 3,        N4, 1.985, 0.488,0,1.7194345035746008
    ZAWJIQ,       Fe1, 3,       N3A, 1.975, 0.501,0,1.7194345035746008
    ZAWJIQ,       Fe1, 3,       N2A, 2.005, 0.462,0,1.7194345035746008
    ZAWJIQ,       Fe1, 3,       N1A, 2.003, 0.465,0,1.7194345035746008
    ZAWJIQ,       Fe1, 3,        N1, 2.003, 0.465,0,1.7194345035746008
    ZAWJIQ,       Fe1, 3,        N2, 2.005, 0.462,0,1.7194345035746008
    ZAWJIQ,       Fe1, 3,        N3, 1.975, 0.501,0,1.7194345035746008
    FESZOS,       Fe1, 3,        N8, 1.957, 0.526,0,1.7194345035746008
    FESZOS,       Fe1, 3,        N2, 1.981, 0.493,0,1.7194345035746008
    FESZOS,       Fe1, 3,        N4, 1.983, 0.490,0,1.7194345035746008
    FESZOS,       Fe1, 3,        N5, 1.953, 0.532,0,1.7194345035746008
    FESZOS,       Fe1, 3,        N6, 1.958, 0.525,0,1.7194345035746008
    FESZOS,       Fe1, 3,        N7, 1.951, 0.535,0,1.7194345035746008
    DMPZFE,       Fe2, 3,        N8, 2.007, 0.460,0,1.7194345035746008
    DMPZFE,       Fe2, 3,        N3, 1.692, 1.077,0,1.7194345035746008
    DMPZFE,       Fe2, 3,        N4, 1.694, 1.071,0,1.7194345035746008
    DMPZFE,       Fe2, 3,        N6, 1.999, 0.470,0,1.7194345035746008
    FILSAU,       Fe1, 3,       N3A, 1.983, 0.490,0,1.7194345035746008
    FILSAU,       Fe1, 3,       N2A, 1.994, 0.476,0,1.7194345035746008
    FILSAU,       Fe1, 3,       N1A, 1.987, 0.485,0,1.7194345035746008
    FILSAU,       Fe1, 3,        N1, 1.987, 0.485,0,1.7194345035746008
    FILSAU,       Fe1, 3,        N2, 1.994, 0.476,0,1.7194345035746008
    FILSAU,       Fe1, 3,        N3, 1.983, 0.490,0,1.7194345035746008
    DMPZFE,       Fe1, 3,        N1, 1.696, 1.065,0,1.7194345035746008
    DMPZFE,       Fe1, 3,        N2, 1.692, 1.077,0,1.7194345035746008
    DMPZFE,       Fe1, 3,        N5, 2.006, 0.461,0,1.7194345035746008
    DMPZFE,       Fe1, 3,        N7, 2.009, 0.457,0,1.7194345035746008
  RIQSUF01,       Fe1, 3,        N1, 2.016, 0.449,0,1.7194345035746008
  RIQSUF01,       Fe1, 3,        N2, 1.988, 0.484,0,1.7194345035746008
  RIQSUF01,       Fe1, 3,        N3, 1.993, 0.477,0,1.7194345035746008
  RIQSUF01,       Fe1, 3,        N4, 2.017, 0.447,0,1.7194345035746008
  RIQSUF01,       Fe1, 3,        N5, 1.722, 0.993,0,1.7194345035746008
    SEKLUQ,       Fe1, 3,       N2B, 1.936, 0.557,0,1.7194345035746008
    SEKLUQ,       Fe1, 3,       N6B, 1.934, 0.560,0,1.7194345035746008
    SEKLUQ,       Fe1, 3,        N2, 1.936, 0.557,0,1.7194345035746008
    SEKLUQ,       Fe1, 3,       N4B, 1.940, 0.551,0,1.7194345035746008
    SEKLUQ,       Fe1, 3,        N4, 1.940, 0.551,0,1.7194345035746008
    SEKLUQ,       Fe1, 3,        N6, 1.934, 0.560,0,1.7194345035746008
    SEKLUQ,       Fe2, 3,       N12, 1.938, 0.554,0,1.7194345035746008
    SEKLUQ,       Fe2, 3,      N12B, 1.938, 0.554,0,1.7194345035746008
    SEKLUQ,       Fe2, 3,        N8, 1.936, 0.557,0,1.7194345035746008
    SEKLUQ,       Fe2, 3,        N9, 1.935, 0.558,0,1.7194345035746008
    SEKLUQ,       Fe2, 3,       N8B, 1.936, 0.557,0,1.7194345035746008
    SEKLUQ,       Fe2, 3,       N9B, 1.935, 0.558,0,1.7194345035746008
    JARQAU,       Fe1, 3,        N1, 1.688, 1.089,0,1.7194345035746008
    JARQAU,       Fe1, 3,        N2, 1.694, 1.071,0,1.7194345035746008
    JARQAU,       Fe1, 3,        N4, 2.022, 0.441,0,1.7194345035746008
    JARQAU,       Fe1, 3,        N6, 2.025, 0.438,0,1.7194345035746008
    ASERIA,       Fe1, 3,       N12, 2.188, 0.282,0,1.7194345035746008
    ASERIA,       Fe1, 3,       N11, 2.202, 0.271,0,1.7194345035746008
    ASERIA,       Fe1, 3,       N14, 2.179, 0.289,0,1.7194345035746008
    ASERIA,       Fe1, 3,        N9, 2.350, 0.182,0,1.7194345035746008
    ASERIA,       Fe1, 3,        N1, 2.377, 0.169,0,1.7194345035746008
    ASERIA,       Fe1, 3,        N3, 2.351, 0.181,0,1.7194345035746008
    ASERIA,       Fe1, 3,        N5, 2.338, 0.188,0,1.7194345035746008
    ASERIA,       Fe1, 3,        N7, 2.164, 0.301,0,1.7194345035746008
    GUDYUZ,       Fe1, 3,        N1, 1.963, 0.518,0,1.7194345035746008
    GUDYUZ,       Fe1, 3,        N2, 1.945, 0.544,0,1.7194345035746008
    GUDYUZ,       Fe1, 3,        N3, 1.961, 0.521,0,1.7194345035746008
    GUDYUZ,       Fe1, 3,        N4, 1.969, 0.509,0,1.7194345035746008
    QAKQUO,       Fe1, 3,        N8, 1.921, 0.580,0,1.7194345035746008
    QAKQUO,       Fe1, 3,        N1, 1.962, 0.519,0,1.7194345035746008
    QAKQUO,       Fe1, 3,        N3, 1.885, 0.639,0,1.7194345035746008
    QAKQUO,       Fe1, 3,        N4, 1.914, 0.591,0,1.7194345035746008
    QAKQUO,       Fe1, 3,        N5, 1.969, 0.509,0,1.7194345035746008
    QAKQUO,       Fe1, 3,        N7, 1.880, 0.648,0,1.7194345035746008
    FIDFOO,       Fe1, 3,       N3A, 1.939, 0.552,0,1.7194345035746008
    FIDFOO,       Fe1, 3,       N2A, 1.953, 0.532,0,1.7194345035746008
    FIDFOO,       Fe1, 3,       N1A, 1.939, 0.552,0,1.7194345035746008
    FIDFOO,       Fe1, 3,        N1, 1.939, 0.552,0,1.7194345035746008
    FIDFOO,       Fe1, 3,        N2, 1.953, 0.532,0,1.7194345035746008
    FIDFOO,       Fe1, 3,        N3, 1.939, 0.552,0,1.7194345035746008
    FIDFOO,       Fe3, 3,        N8, 1.949, 0.538,0,1.7194345035746008
    FIDFOO,       Fe3, 3,        N9, 1.932, 0.563,0,1.7194345035746008
    FIDFOO,       Fe3, 3,       N8A, 1.949, 0.538,0,1.7194345035746008
    FIDFOO,       Fe3, 3,       N7A, 1.942, 0.548,0,1.7194345035746008
    FIDFOO,       Fe3, 3,       N9A, 1.932, 0.563,0,1.7194345035746008
    FIDFOO,       Fe3, 3,        N7, 1.942, 0.548,0,1.7194345035746008
    FIDFOO,       Fe2, 3,       N13, 1.992, 0.479,0,1.7194345035746008
    FIDFOO,       Fe2, 3,       N16, 2.162, 0.302,0,1.7194345035746008
    FIDFOO,       Fe2, 3,       N17, 2.110, 0.348,0,1.7194345035746008
    FIDFOO,       Fe2, 3,       N14, 2.029, 0.433,0,1.7194345035746008
    FIDFOO,       Fe2, 3,       N15, 2.016, 0.449,0,1.7194345035746008
    FIDFOO,       Fe2, 3,       N18, 2.134, 0.326,0,1.7194345035746008
    TMTZNF,       Fe1, 3,        N1, 1.737, 0.954,0,1.7194345035746008
    TMTZNF,       Fe1, 3,        N2, 2.183, 0.286,0,1.7194345035746008
    TMTZNF,       Fe1, 3,        N3, 2.147, 0.315,0,1.7194345035746008
    TMTZNF,       Fe1, 3,        N4, 2.167, 0.298,0,1.7194345035746008
    TMTZNF,       Fe1, 3,        N5, 2.162, 0.302,0,1.7194345035746008
    LONBOF,       Fe1, 3,       N10, 2.185, 0.284,0,1.7194345035746008
    LONBOF,       Fe1, 3,        N8, 2.043, 0.417,0,1.7194345035746008
    LONBOF,       Fe1, 3,        N9, 2.071, 0.387,0,1.7194345035746008
    LONBOF,       Fe1, 3,        N1, 2.071, 0.387,0,1.7194345035746008
    LONBOF,       Fe1, 3,        N4, 2.043, 0.417,0,1.7194345035746008
    LONBOF,       Fe1, 3,        N7, 2.188, 0.282,0,1.7194345035746008
    HERJOD,       Fe2, 3,       N11, 1.948, 0.539,0,1.7194345035746008
    HERJOD,       Fe2, 3,      N11A, 1.948, 0.539,0,1.7194345035746008
    HERJOD,       Fe2, 3,        N9, 1.952, 0.533,0,1.7194345035746008
    HERJOD,       Fe2, 3,       N7A, 1.964, 0.516,0,1.7194345035746008
    HERJOD,       Fe2, 3,       N9A, 1.952, 0.533,0,1.7194345035746008
    HERJOD,       Fe2, 3,        N7, 1.964, 0.516,0,1.7194345035746008
    HERJOD,       Fe1, 3,       N3A, 1.958, 0.525,0,1.7194345035746008
    HERJOD,       Fe1, 3,       N1A, 1.961, 0.521,0,1.7194345035746008
    HERJOD,       Fe1, 3,        N1, 1.961, 0.521,0,1.7194345035746008
    HERJOD,       Fe1, 3,        N3, 1.958, 0.525,0,1.7194345035746008
    HERJOD,       Fe1, 3,        N5, 1.951, 0.535,0,1.7194345035746008
    HERJOD,       Fe1, 3,       N5A, 1.951, 0.535,0,1.7194345035746008
    HIVGAU,       Fe1, 3,       N2F, 1.996, 0.474,0,1.7194345035746008
    HIVGAU,       Fe1, 3,       N1F, 2.004, 0.463,0,1.7194345035746008
    HIVGAU,       Fe1, 3,        N1, 2.004, 0.463,0,1.7194345035746008
    HIVGAU,       Fe1, 3,        N2, 1.996, 0.474,0,1.7194345035746008
    HIVGAU,       Fe1, 3,        N3, 1.668, 1.149,0,1.7194345035746008
    HIVGAU,       Fe1, 3,        N4, 2.002, 0.466,0,1.7194345035746008
    QAGQIZ,       Fe1, 3,        N1, 1.980, 0.494,0,1.7194345035746008
    QAGQIZ,       Fe1, 3,        N2, 1.874, 0.659,0,1.7194345035746008
    QAGQIZ,       Fe1, 3,        N3, 1.959, 0.523,0,1.7194345035746008
    QAGQIZ,       Fe1, 3,        N4, 1.992, 0.479,0,1.7194345035746008
    QAGQIZ,       Fe1, 3,        N5, 1.876, 0.655,0,1.7194345035746008
    QAGQIZ,       Fe1, 3,        N6, 1.984, 0.489,0,1.7194345035746008
    FEJDED,       Fe1, 3,       N3A, 1.977, 0.499,0,1.7194345035746008
    FEJDED,       Fe1, 3,       N2A, 2.002, 0.466,0,1.7194345035746008
    FEJDED,       Fe1, 3,       N1A, 1.986, 0.487,0,1.7194345035746008
    FEJDED,       Fe1, 3,        N1, 1.986, 0.487,0,1.7194345035746008
    FEJDED,       Fe1, 3,        N2, 2.002, 0.466,0,1.7194345035746008
    FEJDED,       Fe1, 3,        N3, 1.977, 0.499,0,1.7194345035746008
    FEJDED,       Fe2, 3,       N7A, 1.964, 0.516,0,1.7194345035746008
    FEJDED,       Fe2, 3,       N6A, 1.990, 0.481,0,1.7194345035746008
    FEJDED,       Fe2, 3,        N7, 1.964, 0.516,0,1.7194345035746008
    FEJDED,       Fe2, 3,        N5, 1.994, 0.476,0,1.7194345035746008
    FEJDED,       Fe2, 3,        N6, 1.990, 0.481,0,1.7194345035746008
    FEJDED,       Fe2, 3,       N5A, 1.994, 0.476,0,1.7194345035746008
  RIXTEX01,       Fe1, 3,       N3A, 1.973, 0.504,0,1.7194345035746008
  RIXTEX01,       Fe1, 3,       N2A, 1.998, 0.471,0,1.7194345035746008
  RIXTEX01,       Fe1, 3,       N1A, 2.000, 0.468,0,1.7194345035746008
  RIXTEX01,       Fe1, 3,        N1, 2.000, 0.468,0,1.7194345035746008
  RIXTEX01,       Fe1, 3,        N2, 1.998, 0.471,0,1.7194345035746008
  RIXTEX01,       Fe1, 3,        N3, 1.973, 0.504,0,1.7194345035746008
    SUMXIH,       Fe1, 3,        N1, 1.876, 0.655,0,1.7194345035746008
    SUMXIH,       Fe1, 3,        N2, 1.910, 0.597,0,1.7194345035746008
    SUMXIH,       Fe1, 3,        N3, 1.911, 0.596,0,1.7194345035746008
    SUMXIH,       Fe1, 3,        N4, 1.874, 0.659,0,1.7194345035746008
    SUMXIH,       Fe1, 3,        N5, 2.188, 0.282,0,1.7194345035746008
    NAYXEQ,       Fe1, 3,        N1, 2.186, 0.283,0,1.7194345035746008
    NAYXEQ,       Fe1, 3,        N2, 2.015, 0.450,0,1.7194345035746008
    NAYXEQ,       Fe1, 3,        N3, 2.017, 0.447,0,1.7194345035746008
    NAYXEQ,       Fe1, 3,        N4, 2.028, 0.434,0,1.7194345035746008
    NAYXEQ,       Fe1, 3,        N5, 1.745, 0.933,0,1.7194345035746008
    NAYXEQ,       Fe2, 3,        N8, 2.051, 0.408,0,1.7194345035746008
    NAYXEQ,       Fe2, 3,        N9, 2.031, 0.431,0,1.7194345035746008
    NAYXEQ,       Fe2, 3,       N10, 1.747, 0.928,0,1.7194345035746008
    NAYXEQ,       Fe2, 3,        N6, 2.193, 0.278,0,1.7194345035746008
    NAYXEQ,       Fe2, 3,        N7, 2.037, 0.424,0,1.7194345035746008
    NAYXEQ,       Fe3, 3,       N12, 2.033, 0.428,0,1.7194345035746008
    NAYXEQ,       Fe3, 3,       N13, 2.046, 0.414,0,1.7194345035746008
    NAYXEQ,       Fe3, 3,       N11, 2.204, 0.270,0,1.7194345035746008
    NAYXEQ,       Fe3, 3,       N14, 2.043, 0.417,0,1.7194345035746008
    NAYXEQ,       Fe3, 3,       N15, 1.738, 0.951,0,1.7194345035746008
    NAYXEQ,       Fe4, 3,       N18, 2.052, 0.407,0,1.7194345035746008
    NAYXEQ,       Fe4, 3,       N20, 1.739, 0.948,0,1.7194345035746008
    NAYXEQ,       Fe4, 3,       N16, 2.178, 0.290,0,1.7194345035746008
    NAYXEQ,       Fe4, 3,       N17, 2.045, 0.415,0,1.7194345035746008
    NAYXEQ,       Fe4, 3,       N19, 2.048, 0.411,0,1.7194345035746008
    SOZRAA,       Fe2, 3,        N8, 1.976, 0.500,0,1.7194345035746008
    SOZRAA,       Fe2, 3,        N9, 1.951, 0.535,0,1.7194345035746008
    SOZRAA,       Fe2, 3,       N7B, 1.945, 0.544,0,1.7194345035746008
    SOZRAA,       Fe2, 3,       N8B, 1.976, 0.500,0,1.7194345035746008
    SOZRAA,       Fe2, 3,       N9B, 1.951, 0.535,0,1.7194345035746008
    SOZRAA,       Fe2, 3,        N7, 1.945, 0.544,0,1.7194345035746008
    MAXVEN,       Fe1, 3,        N1, 1.891, 0.629,0,1.7194345035746008
    MAXVEN,       Fe1, 3,        N2, 1.885, 0.639,0,1.7194345035746008
    MAXVEN,       Fe1, 3,        N3, 1.898, 0.617,0,1.7194345035746008
    MAXVEN,       Fe1, 3,        N4, 1.907, 0.602,0,1.7194345035746008
    SOZRAA,       Fe1, 3,       N2B, 1.960, 0.522,0,1.7194345035746008
    SOZRAA,       Fe1, 3,       N3B, 1.945, 0.544,0,1.7194345035746008
    SOZRAA,       Fe1, 3,       N1B, 1.960, 0.522,0,1.7194345035746008
    SOZRAA,       Fe1, 3,        N1, 1.960, 0.522,0,1.7194345035746008
    SOZRAA,       Fe1, 3,        N2, 1.960, 0.522,0,1.7194345035746008
    SOZRAA,       Fe1, 3,        N3, 1.945, 0.544,0,1.7194345035746008
    VETXUN,       Fe1, 3,        N1, 1.999, 0.470,0,1.7194345035746008
    VETXUN,       Fe1, 3,        N2, 1.997, 0.472,0,1.7194345035746008
    VETXUN,       Fe1, 3,        N3, 1.989, 0.483,0,1.7194345035746008
    VETXUN,       Fe1, 3,        N4, 1.991, 0.480,0,1.7194345035746008
    VETXUN,       Fe1, 3,        N5, 1.653, 1.197,0,1.7194345035746008
    CESBAD,       Fe1, 3,        N1, 1.878, 0.651,0,1.7194345035746008
    CESBAD,       Fe1, 3,        N2, 1.892, 0.627,0,1.7194345035746008
    CESBAD,       Fe1, 3,        N3, 1.923, 0.577,0,1.7194345035746008
    CESBAD,       Fe1, 3,        N4, 1.896, 0.621,0,1.7194345035746008
    CESBAD,       Fe1, 3,        N5, 1.984, 0.489,0,1.7194345035746008
    CESBAD,       Fe1, 3,        N7, 1.985, 0.488,0,1.7194345035746008
    XEDFUI,       Fe2, 3,        N8, 2.141, 0.320,0,1.7194345035746008
    XEDFUI,       Fe2, 3,       N8A, 2.142, 0.319,0,1.7194345035746008
    XEDFUI,       Fe2, 3,       N6B, 2.110, 0.348,0,1.7194345035746008
    XEDFUI,       Fe2, 3,       N6A, 2.112, 0.346,0,1.7194345035746008
    XEDFUI,       Fe2, 3,       N8B, 2.141, 0.320,0,1.7194345035746008
    XEDFUI,       Fe2, 3,        N6, 2.111, 0.347,0,1.7194345035746008
    XEDFUI,       Fe1, 3,       N2B, 2.106, 0.352,0,1.7194345035746008
    XEDFUI,       Fe1, 3,       N3B, 2.163, 0.302,0,1.7194345035746008
    XEDFUI,       Fe1, 3,       N3A, 2.163, 0.302,0,1.7194345035746008
    XEDFUI,       Fe1, 3,        N2, 2.106, 0.352,0,1.7194345035746008
    XEDFUI,       Fe1, 3,        N3, 2.163, 0.302,0,1.7194345035746008
    XEDFUI,       Fe1, 3,       N2A, 2.106, 0.352,0,1.7194345035746008
    KASSOO,       Fe1, 3,        N1, 1.690, 1.083,0,1.7194345035746008
    KASSOO,       Fe1, 3,        N2, 1.690, 1.083,0,1.7194345035746008
    KASSOO,       Fe1, 3,        N5, 2.021, 0.443,0,1.7194345035746008
    KASSOO,       Fe1, 3,        N7, 2.014, 0.451,0,1.7194345035746008
    PALVED,       Fe1, 3,        N1, 1.966, 0.514,0,1.7194345035746008
    PALVED,       Fe1, 3,        N2, 1.961, 0.521,0,1.7194345035746008
    PALVED,       Fe1, 3,        N3, 1.968, 0.511,0,1.7194345035746008
    PALVED,       Fe1, 3,        N4, 1.958, 0.525,0,1.7194345035746008
    PALVED,       Fe1, 3,        N5, 1.989, 0.483,0,1.7194345035746008
    PALVED,       Fe1, 3,        N6, 2.002, 0.466,0,1.7194345035746008
    CIRSOM,       Fe2, 3,        N1, 1.978, 0.497,0,1.7194345035746008
    CIRSOM,       Fe2, 3,        N2, 2.007, 0.460,0,1.7194345035746008
    CIRSOM,       Fe2, 3,        N3, 2.000, 0.468,0,1.7194345035746008
    CIRSOM,       Fe2, 3,        N4, 1.985, 0.488,0,1.7194345035746008
    CIRSOM,       Fe2, 3,        N5, 2.008, 0.458,0,1.7194345035746008
    CIRSOM,       Fe2, 3,        N6, 1.991, 0.480,0,1.7194345035746008
    HAYLEZ,       Fe1, 3,       N12, 1.958, 0.525,0,1.7194345035746008
    HAYLEZ,       Fe1, 3,       N10, 1.953, 0.532,0,1.7194345035746008
    HAYLEZ,       Fe1, 3,        N8, 1.948, 0.539,0,1.7194345035746008
    HAYLEZ,       Fe1, 3,        N2, 1.948, 0.539,0,1.7194345035746008
    HAYLEZ,       Fe1, 3,        N4, 1.949, 0.538,0,1.7194345035746008
    HAYLEZ,       Fe1, 3,        N6, 1.964, 0.516,0,1.7194345035746008
    IZEWAM,       Fe1, 3,        N1, 1.985, 0.488,0,1.7194345035746008
    IZEWAM,       Fe1, 3,        N2, 1.961, 0.521,0,1.7194345035746008
    IZEWAM,       Fe1, 3,        N3, 1.957, 0.526,0,1.7194345035746008
    IZEWAM,       Fe1, 3,        N4, 1.960, 0.522,0,1.7194345035746008
    IZEWAM,       Fe1, 3,        N5, 1.941, 0.549,0,1.7194345035746008
    IZEWAM,       Fe1, 3,        N6, 1.970, 0.508,0,1.7194345035746008
    UMEKOM,       Fe1, 3,        N1, 1.980, 0.494,0,1.7194345035746008
    UMEKOM,       Fe1, 3,        N2, 1.958, 0.525,0,1.7194345035746008
    UMEKOM,       Fe1, 3,        N3, 1.995, 0.475,0,1.7194345035746008
    UMEKOM,       Fe1, 3,        N4, 1.984, 0.489,0,1.7194345035746008
    UMEKOM,       Fe1, 3,        N5, 1.999, 0.470,0,1.7194345035746008
    UMEKOM,       Fe1, 3,        N6, 1.752, 0.916,0,1.7194345035746008
    OFUREM,       Fe1, 3,        N1, 1.979, 0.496,0,1.7194345035746008
    OFUREM,       Fe1, 3,        N2, 1.901, 0.612,0,1.7194345035746008
    OFUREM,       Fe1, 3,        N3, 1.972, 0.505,0,1.7194345035746008
    OFUREM,       Fe1, 3,        N4, 1.982, 0.492,0,1.7194345035746008
    OFUREM,       Fe1, 3,        N5, 1.983, 0.490,0,1.7194345035746008
    OFUREM,       Fe1, 3,        N6, 1.677, 1.122,0,1.7194345035746008
    SOQLAM,       Fe1, 3,        N1, 2.063, 0.395,0,1.7194345035746008
    SOQLAM,       Fe1, 3,        N2, 2.059, 0.399,0,1.7194345035746008
    SOQLAM,       Fe1, 3,        N3, 2.066, 0.392,0,1.7194345035746008
    SOQLAM,       Fe1, 3,        N4, 2.060, 0.398,0,1.7194345035746008
    SOQLAM,       Fe1, 3,        N5, 1.968, 0.511,0,1.7194345035746008
    FEXXOW,       Fe3, 3,      N13B, 1.943, 0.546,0,1.7194345035746008
    FEXXOW,       Fe3, 3,       N13, 1.943, 0.546,0,1.7194345035746008
    FEXXOW,       Fe3, 3,       N17, 1.956, 0.528,0,1.7194345035746008
    FEXXOW,       Fe3, 3,       N15, 1.960, 0.522,0,1.7194345035746008
    FEXXOW,       Fe3, 3,      N15B, 1.960, 0.522,0,1.7194345035746008
    FEXXOW,       Fe3, 3,      N17B, 1.956, 0.528,0,1.7194345035746008
    FEXXOW,       Fe2, 3,       N11, 1.953, 0.532,0,1.7194345035746008
    FEXXOW,       Fe2, 3,      N11B, 1.953, 0.532,0,1.7194345035746008
    FEXXOW,       Fe2, 3,        N9, 1.941, 0.549,0,1.7194345035746008
    FEXXOW,       Fe2, 3,       N7B, 1.958, 0.525,0,1.7194345035746008
    FEXXOW,       Fe2, 3,       N9B, 1.941, 0.549,0,1.7194345035746008
    FEXXOW,       Fe2, 3,        N7, 1.958, 0.525,0,1.7194345035746008
    FEXXOW,       Fe1, 3,       N3B, 1.954, 0.530,0,1.7194345035746008
    FEXXOW,       Fe1, 3,       N1B, 1.962, 0.519,0,1.7194345035746008
    FEXXOW,       Fe1, 3,        N1, 1.962, 0.519,0,1.7194345035746008
    FEXXOW,       Fe1, 3,        N3, 1.954, 0.530,0,1.7194345035746008
    FEXXOW,       Fe1, 3,       N5B, 1.967, 0.512,0,1.7194345035746008
    FEXXOW,       Fe1, 3,        N5, 1.967, 0.512,0,1.7194345035746008
    KEHYIF,       Fe1, 3,       N3A, 1.981, 0.493,0,1.7194345035746008
    KEHYIF,       Fe1, 3,       N2A, 1.983, 0.490,0,1.7194345035746008
    KEHYIF,       Fe1, 3,       N1A, 2.006, 0.461,0,1.7194345035746008
    KEHYIF,       Fe1, 3,        N1, 2.006, 0.461,0,1.7194345035746008
    KEHYIF,       Fe1, 3,        N2, 1.983, 0.490,0,1.7194345035746008
    KEHYIF,       Fe1, 3,        N3, 1.981, 0.493,0,1.7194345035746008
    WEGJIC,       Fe1, 3,        N1, 2.070, 0.388,0,1.7194345035746008
    WEGJIC,       Fe1, 3,        N2, 2.061, 0.397,0,1.7194345035746008
    WEGJIC,       Fe1, 3,        N3, 2.064, 0.394,0,1.7194345035746008
    WEGJIC,       Fe1, 3,        N4, 2.064, 0.394,0,1.7194345035746008
    WEGJIC,       Fe1, 3,        N5, 1.904, 0.607,0,1.7194345035746008
    GUWYUS,       Fe1, 3,       N1V, 2.115, 0.343,0,1.7194345035746008
    GUWYUS,       Fe1, 3,       N1W, 2.113, 0.345,0,1.7194345035746008
    GUWYUS,       Fe1, 3,       N1X, 2.113, 0.345,0,1.7194345035746008
    GUWYUS,       Fe1, 3,       N1B, 2.114, 0.344,0,1.7194345035746008
    GUWYUS,       Fe1, 3,       N1A, 2.113, 0.345,0,1.7194345035746008
    GUWYUS,       Fe1, 3,        N1, 2.112, 0.346,0,1.7194345035746008
    RUXBIW,       Fe1, 3,        N1, 1.929, 0.568,0,1.7194345035746008
    RUXBIW,       Fe1, 3,        N2, 1.918, 0.585,0,1.7194345035746008
    RUXBIW,       Fe1, 3,        N3, 1.670, 1.143,0,1.7194345035746008
    MOCMAT,       Fe1, 3,        N1, 1.874, 0.659,0,1.7194345035746008
    MOCMAT,       Fe1, 3,        N2, 1.874, 0.659,0,1.7194345035746008
    MOCMAT,       Fe1, 3,        N3, 1.885, 0.639,0,1.7194345035746008
    MOCMAT,       Fe1, 3,        N4, 1.872, 0.662,0,1.7194345035746008
    MOCMAT,       Fe1, 3,        N5, 2.126, 0.333,0,1.7194345035746008
  EBUPUN01,       Fe1, 3,        N8, 1.982, 0.492,0,1.7194345035746008
  EBUPUN01,       Fe1, 3,        N9, 1.962, 0.519,0,1.7194345035746008
  EBUPUN01,       Fe1, 3,        N2, 1.974, 0.503,0,1.7194345035746008
  EBUPUN01,       Fe1, 3,        N3, 1.941, 0.549,0,1.7194345035746008
  EBUPUN01,       Fe1, 3,        N5, 1.990, 0.481,0,1.7194345035746008
  EBUPUN01,       Fe1, 3,        N6, 1.955, 0.529,0,1.7194345035746008
    NUDLII,       Fe1, 3,        N1, 1.974, 0.503,0,1.7194345035746008
    NUDLII,       Fe1, 3,        N2, 1.967, 0.512,0,1.7194345035746008
    NUDLII,       Fe1, 3,        N3, 1.696, 1.065,0,1.7194345035746008
    NUDLII,       Fe1, 3,        N4, 1.688, 1.089,0,1.7194345035746008
    KEFFEG,       Fe1, 3,       N2B, 1.992, 0.479,0,1.7194345035746008
    KEFFEG,       Fe1, 3,        N2, 1.992, 0.479,0,1.7194345035746008
    KEFFEG,       Fe1, 3,        N3, 2.002, 0.466,0,1.7194345035746008
    KEFFEG,       Fe1, 3,        N1, 2.141, 0.320,0,1.7194345035746008
    QADFIL,       Fe1, 3,        N1, 1.965, 0.515,0,1.7194345035746008
    QADFIL,       Fe1, 3,        N2, 1.965, 0.515,0,1.7194345035746008
    QADFIL,       Fe1, 3,        N3, 1.948, 0.539,0,1.7194345035746008
    QADFIL,       Fe1, 3,        N4, 1.966, 0.514,0,1.7194345035746008
    QADFIL,       Fe1, 3,        N5, 1.960, 0.522,0,1.7194345035746008
    QADFIL,       Fe1, 3,        N6, 1.975, 0.501,0,1.7194345035746008
    EYIJAX,       Fe2, 3,       N12, 1.990, 0.481,0,1.7194345035746008
    EYIJAX,       Fe2, 3,       N13, 1.933, 0.561,0,1.7194345035746008
    EYIJAX,       Fe2, 3,       N16, 1.942, 0.548,0,1.7194345035746008
    EYIJAX,       Fe2, 3,       N15, 1.991, 0.480,0,1.7194345035746008
    EYIJAX,       Fe2, 3,       N18, 1.990, 0.481,0,1.7194345035746008
    EYIJAX,       Fe2, 3,       N19, 1.933, 0.561,0,1.7194345035746008
    EYIJAX,       Fe1, 3,        N8, 1.994, 0.476,0,1.7194345035746008
    EYIJAX,       Fe1, 3,        N9, 1.933, 0.561,0,1.7194345035746008
    EYIJAX,       Fe1, 3,        N2, 1.996, 0.474,0,1.7194345035746008
    EYIJAX,       Fe1, 3,        N3, 1.931, 0.565,0,1.7194345035746008
    EYIJAX,       Fe1, 3,        N5, 1.988, 0.484,0,1.7194345035746008
    EYIJAX,       Fe1, 3,        N6, 1.937, 0.555,0,1.7194345035746008
    FERDIQ,       Fe1, 3,        N8, 2.083, 0.374,0,1.7194345035746008
    FERDIQ,       Fe1, 3,        N9, 1.990, 0.481,0,1.7194345035746008
    FERDIQ,       Fe1, 3,        N1, 2.055, 0.404,0,1.7194345035746008
    FERDIQ,       Fe1, 3,        N2, 2.058, 0.400,0,1.7194345035746008
    FERDIQ,       Fe1, 3,        N4, 2.155, 0.308,0,1.7194345035746008
    FERDIQ,       Fe1, 3,        N5, 2.164, 0.301,0,1.7194345035746008
    FERCUB,       Fe1, 3,        N8, 1.687, 1.092,0,1.7194345035746008
    FERCUB,       Fe1, 3,        N2, 1.698, 1.060,0,1.7194345035746008
    FERCUB,       Fe1, 3,        N3, 1.997, 0.472,0,1.7194345035746008
    FERCUB,       Fe1, 3,        N4, 2.009, 0.457,0,1.7194345035746008
    FERCUB,       Fe2, 3,        N1, 1.696, 1.065,0,1.7194345035746008
    FERCUB,       Fe2, 3,        N7, 1.695, 1.068,0,1.7194345035746008
    FERCUB,       Fe2, 3,        N5, 2.004, 0.463,0,1.7194345035746008
    FERCUB,       Fe2, 3,       N6B, 2.009, 0.457,0,1.7194345035746008
    BERJIS,       Fe1, 3,        N1, 1.914, 0.591,0,1.7194345035746008
    BERJIS,       Fe1, 3,        N2, 1.908, 0.601,0,1.7194345035746008
    BERJIS,       Fe1, 3,        N3, 2.025, 0.438,0,1.7194345035746008
    BERJIS,       Fe1, 3,        N4, 2.022, 0.441,0,1.7194345035746008
    BERJIS,       Fe1, 3,        N5, 1.685, 1.098,0,1.7194345035746008
    BERJIS,       Fe1, 3,        N6, 2.011, 0.455,0,1.7194345035746008
    GALNAK,       Fe1, 3,        N1, 1.941, 0.549,0,1.7194345035746008
    GALNAK,       Fe1, 3,        N2, 1.973, 0.504,0,1.7194345035746008
    GALNAK,       Fe1, 3,        N3, 1.994, 0.476,0,1.7194345035746008
    GALNAK,       Fe1, 3,        N4, 1.943, 0.546,0,1.7194345035746008
    GALNAK,       Fe1, 3,        N5, 1.700, 1.054,0,1.7194345035746008
    GALNAK,       Fe2, 3,        N8, 1.996, 0.474,0,1.7194345035746008
    GALNAK,       Fe2, 3,        N9, 1.942, 0.548,0,1.7194345035746008
    GALNAK,       Fe2, 3,       N10, 1.699, 1.057,0,1.7194345035746008
    GALNAK,       Fe2, 3,        N6, 1.953, 0.532,0,1.7194345035746008
    GALNAK,       Fe2, 3,        N7, 1.973, 0.504,0,1.7194345035746008
  CAYQUO01,       Fe1, 3,       N3B, 1.955, 0.529,0,1.7194345035746008
  CAYQUO01,       Fe1, 3,       N1B, 1.950, 0.536,0,1.7194345035746008
  CAYQUO01,       Fe1, 3,        N1, 1.950, 0.536,0,1.7194345035746008
  CAYQUO01,       Fe1, 3,        N3, 1.955, 0.529,0,1.7194345035746008
  CAYQUO01,       Fe1, 3,       N5B, 1.947, 0.541,0,1.7194345035746008
  CAYQUO01,       Fe1, 3,        N5, 1.947, 0.541,0,1.7194345035746008
    CAPVUL,       Fe1, 3,       N10, 2.179, 0.289,0,1.7194345035746008
    CAPVUL,       Fe1, 3,        N8, 2.048, 0.411,0,1.7194345035746008
    CAPVUL,       Fe1, 3,        N9, 2.054, 0.405,0,1.7194345035746008
    CAPVUL,       Fe1, 3,        N1, 2.170, 0.296,0,1.7194345035746008
    CAPVUL,       Fe1, 3,        N2, 2.119, 0.340,0,1.7194345035746008
    CAPVUL,       Fe1, 3,        N5, 2.039, 0.422,0,1.7194345035746008
    YIBCAN,       Fe1, 3,       N10, 2.018, 0.446,0,1.7194345035746008
    YIBCAN,       Fe1, 3,       N11, 1.951, 0.535,0,1.7194345035746008
    YIBCAN,       Fe1, 3,        N1, 1.989, 0.483,0,1.7194345035746008
    YIBCAN,       Fe1, 3,        N2, 2.007, 0.460,0,1.7194345035746008
    YIBCAN,       Fe1, 3,        N3, 1.991, 0.480,0,1.7194345035746008
    YIBCAN,       Fe1, 3,        N4, 1.981, 0.493,0,1.7194345035746008
    YIBCAN,       Fe2, 3,       N12, 1.963, 0.518,0,1.7194345035746008
    YIBCAN,       Fe2, 3,       N14, 2.008, 0.458,0,1.7194345035746008
    YIBCAN,       Fe2, 3,        N8, 1.970, 0.508,0,1.7194345035746008
    YIBCAN,       Fe2, 3,        N5, 1.991, 0.480,0,1.7194345035746008
    YIBCAN,       Fe2, 3,        N6, 1.994, 0.476,0,1.7194345035746008
    YIBCAN,       Fe2, 3,        N7, 1.998, 0.471,0,1.7194345035746008
    WUCCIG,       Fe1, 3,        N1, 2.051, 0.408,0,1.7194345035746008
    WUCCIG,       Fe1, 3,        N2, 2.064, 0.394,0,1.7194345035746008
    WUCCIG,       Fe1, 3,        N3, 2.032, 0.430,0,1.7194345035746008
    WUCCIG,       Fe1, 3,        N4, 2.050, 0.409,0,1.7194345035746008
    WUCCIG,       Fe1, 3,        N5, 2.053, 0.406,0,1.7194345035746008
    WUCCIG,       Fe1, 3,        N6, 2.070, 0.388,0,1.7194345035746008
    RIPFEC,       Fe1, 3,        N1, 1.979, 0.496,0,1.7194345035746008
    RIPFEC,       Fe1, 3,        N2, 1.975, 0.501,0,1.7194345035746008
    RIPFEC,       Fe1, 3,        N3, 1.993, 0.477,0,1.7194345035746008
    RIPFEC,       Fe1, 3,        N4, 1.973, 0.504,0,1.7194345035746008
    RIPFEC,       Fe1, 3,        N5, 1.981, 0.493,0,1.7194345035746008
    RIPFEC,       Fe1, 3,        N7, 1.972, 0.505,0,1.7194345035746008
    ERUPOW,       Fe1, 3,       N11, 2.066, 0.392,0,1.7194345035746008
    ERUPOW,       Fe1, 3,        N8, 2.087, 0.370,0,1.7194345035746008
    ERUPOW,       Fe1, 3,        N1, 2.232, 0.250,0,1.7194345035746008
    ERUPOW,       Fe1, 3,        N2, 2.269, 0.226,0,1.7194345035746008
    ERUPOW,       Fe1, 3,        N3, 2.220, 0.258,0,1.7194345035746008
    ERUPOW,       Fe1, 3,        N6, 2.167, 0.298,0,1.7194345035746008
    ERUPOW,       Fe1, 3,        N7, 2.039, 0.422,0,1.7194345035746008
    CERZOO,       Fe1, 3,        N1, 1.888, 0.634,0,1.7194345035746008
    CERZOO,       Fe1, 3,        N2, 1.891, 0.629,0,1.7194345035746008
    CERZOO,       Fe1, 3,        N3, 1.902, 0.611,0,1.7194345035746008
    CERZOO,       Fe1, 3,        N4, 1.920, 0.582,0,1.7194345035746008
    CERZOO,       Fe1, 3,        N5, 2.031, 0.431,0,1.7194345035746008
    CERZOO,       Fe1, 3,        N7, 2.020, 0.444,0,1.7194345035746008
    LOCXAC,       Fe1, 3,        N1, 2.023, 0.440,0,1.7194345035746008
    LOCXAC,       Fe1, 3,        N2, 2.036, 0.425,0,1.7194345035746008
    LOCXAC,       Fe1, 3,        N3, 2.017, 0.447,0,1.7194345035746008
    LOCXAC,       Fe1, 3,        N4, 2.198, 0.274,0,1.7194345035746008
    LOCXAC,       Fe1, 3,        N5, 1.748, 0.926,0,1.7194345035746008
    BUVTAO,       Fe1, 3,        N1, 1.663, 1.165,0,1.7194345035746008
    BUVTAO,       Fe1, 3,        N2, 1.683, 1.103,0,1.7194345035746008
    BUVTAO,       Fe1, 3,        N3, 1.951, 0.535,0,1.7194345035746008
    BUVTAO,       Fe1, 3,        N4, 1.974, 0.503,0,1.7194345035746008
    WOHTOC,       Fe1, 3,       N2B, 1.950, 0.536,0,1.7194345035746008
    WOHTOC,       Fe1, 3,       N3B, 1.961, 0.521,0,1.7194345035746008
    WOHTOC,       Fe1, 3,       N1B, 1.949, 0.538,0,1.7194345035746008
    WOHTOC,       Fe1, 3,        N1, 1.949, 0.538,0,1.7194345035746008
    WOHTOC,       Fe1, 3,        N2, 1.950, 0.536,0,1.7194345035746008
    WOHTOC,       Fe1, 3,        N3, 1.961, 0.521,0,1.7194345035746008
    HAYLAV,       Fe1, 3,       N12, 1.948, 0.539,0,1.7194345035746008
    HAYLAV,       Fe1, 3,       N10, 1.950, 0.536,0,1.7194345035746008
    HAYLAV,       Fe1, 3,        N8, 1.953, 0.532,0,1.7194345035746008
    HAYLAV,       Fe1, 3,        N2, 1.966, 0.514,0,1.7194345035746008
    HAYLAV,       Fe1, 3,        N4, 1.969, 0.509,0,1.7194345035746008
    HAYLAV,       Fe1, 3,        N6, 1.940, 0.551,0,1.7194345035746008
    RIQSUF,       Fe1, 3,        N1, 2.023, 0.440,0,1.7194345035746008
    RIQSUF,       Fe1, 3,        N2, 2.000, 0.468,0,1.7194345035746008
    RIQSUF,       Fe1, 3,        N3, 1.998, 0.471,0,1.7194345035746008
    RIQSUF,       Fe1, 3,        N4, 2.017, 0.447,0,1.7194345035746008
    RIQSUF,       Fe1, 3,        N5, 1.731, 0.969,0,1.7194345035746008
    BPBPFE,       Fe1, 3,        N1, 1.968, 0.511,0,1.7194345035746008
    BPBPFE,       Fe1, 3,        N2, 1.965, 0.515,0,1.7194345035746008
    BPBPFE,       Fe1, 3,        N3, 1.958, 0.525,0,1.7194345035746008
    BPBPFE,       Fe1, 3,        N4, 1.960, 0.522,0,1.7194345035746008
    BPBPFE,       Fe1, 3,        N5, 1.960, 0.522,0,1.7194345035746008
    BPBPFE,       Fe1, 3,        N6, 1.959, 0.523,0,1.7194345035746008
    VEGFET,       Fe1, 3,        N1, 1.645, 1.223,0,1.7194345035746008
    VEGFET,       Fe1, 3,        N2, 1.897, 0.619,0,1.7194345035746008
    VEGFET,       Fe1, 3,        N3, 1.934, 0.560,0,1.7194345035746008
    VEGFET,       Fe1, 3,        N4, 1.923, 0.577,0,1.7194345035746008
    VEGFET,       Fe1, 3,        N5, 1.899, 0.616,0,1.7194345035746008
    BAPGOP,       Fe1, 3,       N11, 1.936, 0.557,0,1.7194345035746008
    BAPGOP,       Fe1, 3,        N9, 1.983, 0.490,0,1.7194345035746008
    BAPGOP,       Fe1, 3,        N1, 1.927, 0.571,0,1.7194345035746008
    BAPGOP,       Fe1, 3,        N3, 1.928, 0.569,0,1.7194345035746008
    BAPGOP,       Fe1, 3,        N5, 1.982, 0.492,0,1.7194345035746008
    BAPGOP,       Fe1, 3,        N7, 1.920, 0.582,0,1.7194345035746008
    BERJOY,       Fe1, 3,        N1, 1.894, 0.624,0,1.7194345035746008
    BERJOY,       Fe1, 3,        N2, 1.895, 0.622,0,1.7194345035746008
    BERJOY,       Fe1, 3,        N3, 2.044, 0.416,0,1.7194345035746008
    BERJOY,       Fe1, 3,        N4, 2.029, 0.433,0,1.7194345035746008
    BERJOY,       Fe1, 3,        N5, 1.713, 1.018,0,1.7194345035746008
    EJONOG,       Fe1, 3,        N1, 1.931, 0.565,0,1.7194345035746008
    EJONOG,       Fe1, 3,        N2, 1.862, 0.680,0,1.7194345035746008
    EJONOG,       Fe1, 3,        N3, 1.938, 0.554,0,1.7194345035746008
    EJONOG,       Fe1, 3,        N4, 1.924, 0.575,0,1.7194345035746008
    EJONOG,       Fe1, 3,        N5, 1.868, 0.669,0,1.7194345035746008
    EJONOG,       Fe1, 3,        N6, 1.919, 0.583,0,1.7194345035746008
    KAJRAP,       Fe1, 3,       N3A, 1.942, 0.548,0,1.7194345035746008
    KAJRAP,       Fe1, 3,       N1A, 1.953, 0.532,0,1.7194345035746008
    KAJRAP,       Fe1, 3,        N1, 1.953, 0.532,0,1.7194345035746008
    KAJRAP,       Fe1, 3,        N3, 1.942, 0.548,0,1.7194345035746008
    KAJRAP,       Fe1, 3,        N5, 1.966, 0.514,0,1.7194345035746008
    KAJRAP,       Fe1, 3,       N5A, 1.966, 0.514,0,1.7194345035746008
    KAJRAP,       Fe2, 3,       N11, 1.954, 0.530,0,1.7194345035746008
    KAJRAP,       Fe2, 3,      N11A, 1.954, 0.530,0,1.7194345035746008
    KAJRAP,       Fe2, 3,        N9, 1.941, 0.549,0,1.7194345035746008
    KAJRAP,       Fe2, 3,       N7A, 1.964, 0.516,0,1.7194345035746008
    KAJRAP,       Fe2, 3,       N9A, 1.941, 0.549,0,1.7194345035746008
    KAJRAP,       Fe2, 3,        N7, 1.964, 0.516,0,1.7194345035746008
    YEXVAZ,       Fe2, 3,        N8, 1.893, 0.626,0,1.7194345035746008
    YEXVAZ,       Fe2, 3,        N5, 1.907, 0.602,0,1.7194345035746008
    YEXVAZ,       Fe2, 3,        N6, 1.899, 0.616,0,1.7194345035746008
    YEXVAZ,       Fe2, 3,        N7, 1.897, 0.619,0,1.7194345035746008
    YEXVAZ,       Fe1, 3,        N1, 1.905, 0.606,0,1.7194345035746008
    YEXVAZ,       Fe1, 3,        N2, 1.903, 0.609,0,1.7194345035746008
    YEXVAZ,       Fe1, 3,        N3, 1.897, 0.619,0,1.7194345035746008
    YEXVAZ,       Fe1, 3,        N4, 1.898, 0.617,0,1.7194345035746008
    POFJAV,       Fe1, 3,        N1, 2.071, 0.387,0,1.7194345035746008
    POFJAV,       Fe1, 3,        N2, 2.060, 0.398,0,1.7194345035746008
    POFJAV,       Fe1, 3,        N3, 2.070, 0.388,0,1.7194345035746008
    POFJAV,       Fe1, 3,        N4, 2.062, 0.396,0,1.7194345035746008
    POFJAV,       Fe1, 3,        N5, 1.953, 0.532,0,1.7194345035746008
